{"train_loss": [0.266085277522989, 0.237699885735727, 0.21716056732600095, 0.19895418999225364, 0.18346059772124243, 0.1614121085161551], "val_loss": [0.2841198516763606, 0.2664727729821355, 0.2773951980865227, 0.2821275511369953, 0.24888554603775154, 0.21728115680527949], "train_acc": [0.885049365303244, 0.9021509167842031, 0.9060296191819464, 0.9197813822284908, 0.9257757404795487, 0.9375881523272215], "val_acc": [0.8930817610062893, 0.8930817610062893, 0.8867924528301887, 0.8867924528301887, 0.8805031446540881, 0.8805031446540881]}