{"train_loss": [0.47886962766203456, 0.10319287245055432, 0.01937523468368659, 0.007817591483046647, 0.00428600805648701, 0.003611589071995346, 0.0024182906915609067, 0.002120487881623726, 0.001481196138936094], "val_loss": [0.2296490395593943, 0.03955759084929929, 0.008412603074728669, 0.002561439595290653, 0.0012206932539508368, 0.0006868957077228441, 0.00042032189239819573, 0.00034991936320596397, 0.00024075554743979884], "train_acc": [0.8564880112834978, 0.9906558533145275, 0.9978843441466855, 0.9980606488011283, 0.9992947813822285, 0.9994710860366713, 0.9994710860366713, 0.9994710860366713, 0.9996473906911142], "val_acc": [0.9685534591194969, 1.0, 1.0, 1.0, 1.0, 1.0, 1.0, 1.0, 1.0]}