{"train_loss": [0.30570270312353653, 0.30580505970418875, 0.29699145251167847, 0.28729875162979446, 0.28171960654312533, 0.27466967907880024, 0.2722415108606745, 0.26388448852998414, 0.2600703479877144, 0.2672440457159104, 0.2602443549839835, 0.26132061314599636, 0.25364605994167383, 0.25238560919869263, 0.2470532977278377], "val_loss": [0.3493557347441619, 0.3399211786827951, 0.3310924467613112, 0.329129048394707, 0.31972559105675175, 0.32253132957332536, 0.3163211002664746, 0.30324543028507595, 0.3049818519151436, 0.30595434049390396, 0.2944230187051701, 0.2960027835841449, 0.29196769252138316, 0.29179986749055253, 0.2885902329998196], "train_acc": [0.9035613540197461, 0.9053244005641748, 0.9042665726375176, 0.9146685472496474, 0.9162552891396333, 0.921015514809591, 0.926657263751763, 0.9270098730606487, 0.9321227080394923, 0.9217207334273625, 0.9314174894217208, 0.9317700987306065, 0.935296191819464, 0.936706629055007, 0.9398801128349789], "val_acc": [0.8742138364779874, 0.8679245283018868, 0.8742138364779874, 0.8930817610062893, 0.8930817610062893, 0.8930817610062893, 0.9056603773584906, 0.9182389937106918, 0.9056603773584906, 0.9119496855345912, 0.9182389937106918, 0.9119496855345912, 0.89937106918239, 0.9119496855345912, 0.9182389937106918]}