{"train_loss": [0.5034141647815704, 0.11327490419149398, 0.02341402439400554, 0.011331957001239061, 0.009050688715651631, 0.006389447608962655, 0.004641712093725801, 0.004353375299833715, 0.004146222103154287, 0.006649876061128452], "val_loss": [0.2469560819864273, 0.03530382096767425, 0.009803498722612857, 0.004410031903535128, 0.002205923246219754, 0.001529637142084539, 0.0009788915840908885, 0.0006540560908615589, 0.0006628233124502004, 0.00044435526011511685], "train_acc": [0.7334375, 0.9984375, 0.9996875, 0.999375, 0.998125, 0.9990625, 0.999375, 0.999375, 0.999375, 0.9978125], "val_acc": [0.99375, 1.0, 1.0, 1.0, 1.0, 1.0, 1.0, 1.0, 1.0, 1.0]}