{"train_loss": [0.4125688275694847, 0.08189224097877741, 0.024992522206157445, 0.012004629354923963, 0.007181168398819864, 0.007432739571668207, 0.0032806618721224366, 0.004787116714287549, 0.003619307712651789], "val_loss": [0.1592223560810089, 0.025053737163543702, 0.01079975925385952, 0.00439057158306241, 0.0028125376906245948, 0.0015698725404217839, 0.0011874754028394817, 0.0006724474974907934, 0.000734276813454926], "train_acc": [0.9240625, 0.998125, 0.99875, 0.9996875, 0.9996875, 0.9990625, 1.0, 0.99875, 0.999375], "val_acc": [1.0, 1.0, 1.0, 1.0, 1.0, 1.0, 1.0, 1.0, 1.0]}