{"train_loss": [0.47816511606127654, 0.3548851050383954, 0.32977352315515324, 0.30395575193491237, 0.29444893152152196, 0.29221832470597936], "val_loss": [0.38778966320854313, 0.3509313199411398, 0.3496496248170265, 0.3469254240253062, 0.32375366224339175, 0.34581508004815326], "train_acc": [0.817524682651622, 0.8550775740479548, 0.8603667136812412, 0.8702397743300423, 0.8776445698166432, 0.8801128349788434], "val_acc": [0.8490566037735849, 0.8490566037735849, 0.8364779874213837, 0.8238993710691824, 0.8490566037735849, 0.8427672955974843]}