{"train_loss": [0.48207657037015256, 0.3576839512904829, 0.32216939527923066, 0.31131039507160285, 0.28820669659632453, 0.2865998588427149, 0.26527793058241256, 0.27316284983877154], "val_loss": [0.37670269742225987, 0.3634482445434118, 0.35408699550689793, 0.32659781514069974, 0.325872533596479, 0.30401770579509246, 0.29784538740148914, 0.31695582622136825], "train_acc": [0.8154761904761905, 0.854978354978355, 0.8643578643578643, 0.8699494949494949, 0.8764430014430015, 0.8775252525252525, 0.8890692640692641, 0.8813131313131313], "val_acc": [0.8269230769230769, 0.8141025641025641, 0.8782051282051282, 0.8525641025641025, 0.8589743589743589, 0.8717948717948718, 0.8589743589743589, 0.8461538461538461]}